{"cameraMode":{"drawMode":0,"name":"Shaded","section":"Shading Mode"},"sceneLighting":true,"audioPlay":false,"sceneViewState":{"showFog":true,"showMaterialUpdate":true,"showSkybox":true,"showFlares":true,"showImageEffects":true,"showParticleSystems":true},"in2DMode":false,"pivot":{"x":-0.716956615447998,"y":2.416419744491577,"z":-0.6277146339416504},"rotation":{"x":-0.01042194850742817,"y":0.9318686723709106,"z":-0.026854190975427629,"w":-0.3616509437561035},"size":10.0,"orthographic":false}