{"cameraMode":{"drawMode":0,"name":"Shaded","section":"Shading Mode"},"sceneLighting":true,"audioPlay":false,"sceneViewState":{"showFog":true,"showMaterialUpdate":true,"showSkybox":true,"showFlares":true,"showImageEffects":true,"showParticleSystems":true},"in2DMode":false,"pivot":{"x":-0.3901958465576172,"y":1.8270652294158936,"z":-0.6150965690612793},"rotation":{"x":-0.04593759402632713,"y":0.9251888394355774,"z":-0.11889611929655075,"w":-0.35746267437934878},"size":10.0,"orthographic":false}